{"posicion":{"x":-1.5076276063919068,"y":-0.6092431545257568,"z":0.0}}